Workbook

Sheet Dashboard
A1: PROJECT MANAGEMENT PORTFOLIO
A3: Total Projects | B3: =COUNTA(Projects!B5:B24) -> 15 | D3: Total Budget | E3: =SUM(Projects!G5:G24) -> 0
A4: Active Projects | B4: =COUNTIF(Projects!D5:D24,"In Progress") -> 8 | D4: Spent to Date | E4: =SUM(Projects!H5:H24) -> 2365000
A5: Completed Projects | B5: =COUNTIF(Projects!D5:D24,"Completed") -> 3 | D5: Remaining Budget | E5: =E3-E4 -> -2365000
A6: At Risk Projects | B6: =COUNTIF(Projects!D5:D24,"At Risk") -> 2 | D6: Budget Utilization | E6: =IF(E3>0,E4/E3,0) -> 0

Sheet Projects
A1: PROJECT LIST
A3: ID | B3: Project Name | C3: Owner | D3: Status | E3: Priority | F3: Start Date | G3: End Date | H3: Budget | I3: Spent | J3: Progress %
A5: PRJ001 | B5: Website Redesign | C5: Sarah Chen | D5: In Progress | E5: High | F5: 2024-01-15 | G5: 2024-06-30 | H5: 150000 | I5: 89000 | J5: 0.65
A6: PRJ002 | B6: Mobile App Development | C6: James Wilson | D6: In Progress | E6: Critical | F6: 2024-02-01 | G6: 2024-08-31 | H6: 250000 | I6: 125000 | J6: 0.55
A7: PRJ003 | B7: CRM Implementation | C7: Maria Garcia | D7: Completed | E7: Medium | F7: 2023-09-01 | G7: 2024-03-31 | H7: 180000 | I7: 175000 | J7: 1
A8: PRJ004 | B8: Data Migration | C8: David Kim | D8: In Progress | E8: High | F8: 2024-03-15 | G8: 2024-07-15 | H8: 95000 | I8: 58000 | J8: 0.7
A9: PRJ005 | B9: Marketing Campaign | C9: Emily Johnson | D9: Planning | E9: Low | F9: 2024-05-01 | G9: 2024-09-30 | H9: 75000 | I9: 5000 | J9: 0.1
A10: PRJ006 | B10: Infrastructure Upgrade | C10: Michael Brown | D10: In Progress | E10: Critical | F10: 2024-01-01 | G10: 2024-05-31 | H10: 320000 | I10: 245000 | J10: 0.8
A11: PRJ007 | B11: Customer Portal | C11: Lisa Anderson | D11: At Risk | E11: High | F11: 2024-02-15 | G11: 2024-06-15 | H11: 125000 | I11: 95000 | J11: 0.6
A12: PRJ008 | B12: Analytics Dashboard | C12: Robert Lee | D12: In Progress | E12: Medium | F12: 2024-03-01 | G12: 2024-07-31 | H12: 88000 | I12: 42000 | J12: 0.5
A13: PRJ009 | B13: Security Audit | C13: Jennifer Taylor | D13: Completed | E13: Critical | F13: 2023-11-01 | G13: 2024-02-28 | H13: 65000 | I13: 63000 | J13: 1
A14: PRJ010 | B14: Training Program | C14: Christopher Martinez | D14: In Progress | E14: Low | F14: 2024-04-01 | G14: 2024-10-31 | H14: 45000 | I14: 12000 | J14: 0.3
A15: PRJ011 | B15: ERP Integration | C15: Amanda White | D15: Planning | E15: High | F15: 2024-06-01 | G15: 2024-12-31 | H15: 280000 | I15: 15000 | J15: 0.05
A16: PRJ012 | B16: API Development | C16: Daniel Harris | D16: In Progress | E16: Medium | F16: 2024-02-20 | G16: 2024-08-20 | H16: 110000 | I16: 67000 | J16: 0.62
... A19: PRJ015 | B19: Vendor Management System | C19: Jessica Lewis | D19: At Risk | E19: Medium | F19: 2024-03-10 | G19: 2024-07-31 | H19: 135000 | I19: 108000 | J19: 0.68

Sheet Timeline
A1: PROJECT TIMELINE
A3: Project ID | B3: Project Name | C3: Start Date | D3: End Date | E3: Duration (Days) | F3: Status | G3: Days Remaining | H3: Progress
A5: =Projects!A5 -> PRJ001 | B5: =Projects!B5 -> Website Redesign | C5: =Projects!F5 -> 2024-01-15 | D5: =Projects!G5 -> 2024-06-30 | E5: =IF(D5<>"",D5-C5,"") -> 167 | F5: =Projects!D5 -> In Progress | G5: =IF(AND(D5<>"",F5<>"Completed"),D5-TODAY(),"") -> -648 | H5: =Projects!J5 -> 0.65
A6: =Projects!A6 -> PRJ002 | B6: =Projects!B6 -> Mobile App Development | C6: =Projects!F6 -> 2024-02-01 | D6: =Projects!G6 -> 2024-08-31 | E6: =IF(D6<>"",D6-C6,"") -> 212 | F6: =Projects!D6 -> In Progress | G6: =IF(AND(D6<>"",F6<>"Completed"),D6-TODAY(),"") -> -586 | H6: =Projects!J6 -> 0.55
A7: =Projects!A7 -> PRJ003 | B7: =Projects!B7 -> CRM Implementation | C7: =Projects!F7 -> 2023-09-01 | D7: =Projects!G7 -> 2024-03-31 | E7: =IF(D7<>"",D7-C7,"") -> 212 | F7: =Projects!D7 -> Completed | G7: =IF(AND(D7<>"",F7<>"Completed"),D7-TODAY(),"") | H7: =Projects!J7 -> 1
A8: =Projects!A8 -> PRJ004 | B8: =Projects!B8 -> Data Migration | C8: =Projects!F8 -> 2024-03-15 | D8: =Projects!G8 -> 2024-07-15 | E8: =IF(D8<>"",D8-C8,"") -> 122 | F8: =Projects!D8 -> In Progress | G8: =IF(AND(D8<>"",F8<>"Completed"),D8-TODAY(),"") -> -633 | H8: =Projects!J8 -> 0.7
A9: =Projects!A9 -> PRJ005 | B9: =Projects!B9 -> Marketing Campaign | C9: =Projects!F9 -> 2024-05-01 | D9: =Projects!G9 -> 2024-09-30 | E9: =IF(D9<>"",D9-C9,"") -> 152 | F9: =Projects!D9 -> Planning | G9: =IF(AND(D9<>"",F9<>"Completed"),D9-TODAY(),"") -> -556 | H9: =Projects!J9 -> 0.1
A10: =Projects!A10 -> PRJ006 | B10: =Projects!B10 -> Infrastructure Upgrade | C10: =Projects!F10 -> 2024-01-01 | D10: =Projects!G10 -> 2024-05-31 | E10: =IF(D10<>"",D10-C10,"") -> 151 | F10: =Projects!D10 -> In Progress | G10: =IF(AND(D10<>"",F10<>"Completed"),D10-TODAY(),"") -> -678 | H10: =Projects!J10 -> 0.8
A11: =Projects!A11 -> PRJ007 | B11: =Projects!B11 -> Customer Portal | C11: =Projects!F11 -> 2024-02-15 | D11: =Projects!G11 -> 2024-06-15 | E11: =IF(D11<>"",D11-C11,"") -> 121 | F11: =Projects!D11 -> At Risk | G11: =IF(AND(D11<>"",F11<>"Completed"),D11-TODAY(),"") -> -663 | H11: =Projects!J11 -> 0.6
A12: =Projects!A12 -> PRJ008 | B12: =Projects!B12 -> Analytics Dashboard | C12: =Projects!F12 -> 2024-03-01 | D12: =Projects!G12 -> 2024-07-31 | E12: =IF(D12<>"",D12-C12,"") -> 152 | F12: =Projects!D12 -> In Progress | G12: =IF(AND(D12<>"",F12<>"Completed"),D12-TODAY(),"") -> -617 | H12: =Projects!J12 -> 0.5
A13: =Projects!A13 -> PRJ009 | B13: =Projects!B13 -> Security Audit | C13: =Projects!F13 -> 2023-11-01 | D13: =Projects!G13 -> 2024-02-28 | E13: =IF(D13<>"",D13-C13,"") -> 119 | F13: =Projects!D13 -> Completed | G13: =IF(AND(D13<>"",F13<>"Completed"),D13-TODAY(),"") | H13: =Projects!J13 -> 1
A14: =Projects!A14 -> PRJ010 | B14: =Projects!B14 -> Training Program | C14: =Projects!F14 -> 2024-04-01 | D14: =Projects!G14 -> 2024-10-31 | E14: =IF(D14<>"",D14-C14,"") -> 213 | F14: =Projects!D14 -> In Progress | G14: =IF(AND(D14<>"",F14<>"Completed"),D14-TODAY(),"") -> -525 | H14: =Projects!J14 -> 0.3
A15: =Projects!A15 -> PRJ011 | B15: =Projects!B15 -> ERP Integration | C15: =Projects!F15 -> 2024-06-01 | D15: =Projects!G15 -> 2024-12-31 | E15: =IF(D15<>"",D15-C15,"") -> 213 | F15: =Projects!D15 -> Planning | G15: =IF(AND(D15<>"",F15<>"Completed"),D15-TODAY(),"") -> -464 | H15: =Projects!J15 -> 0.05
A16: =Projects!A16 -> PRJ012 | B16: =Projects!B16 -> API Development | C16: =Projects!F16 -> 2024-02-20 | D16: =Projects!G16 -> 2024-08-20 | E16: =IF(D16<>"",D16-C16,"") -> 182 | F16: =Projects!D16 -> In Progress | G16: =IF(AND(D16<>"",F16<>"Completed"),D16-TODAY(),"") -> -597 | H16: =Projects!J16 -> 0.62
... A19: =Projects!A19 -> PRJ015 | B19: =Projects!B19 -> Vendor Management System | C19: =Projects!F19 -> 2024-03-10 | D19: =Projects!G19 -> 2024-07-31 | E19: =IF(D19<>"",D19-C19,"") -> 143 | F19: =Projects!D19 -> At Risk | G19: =IF(AND(D19<>"",F19<>"Completed"),D19-TODAY(),"") -> -617 | H19: =Projects!J19 -> 0.68

Sheet Budget Tracking
A1: BUDGET TRACKING
A3: Project ID | B3: Project Name | C3: Allocated Budget | D3: Spent | E3: Remaining | F3: Utilization % | G3: Status
A5: =Projects!A5 -> PRJ001 | B5: =Projects!B5 -> Website Redesign | C5: =Projects!H5 -> 150000 | D5: =Projects!I5 -> 89000 | E5: =C5-D5 -> 61000 | F5: =IF(C5>0,D5/C5,0) -> 0.59333333 | G5: =IF(F5>0.9,"Over Budget",IF(F5>0.75,"On Track","Under Budget")) -> Under Budget
A6: =Projects!A6 -> PRJ002 | B6: =Projects!B6 -> Mobile App Development | C6: =Projects!H6 -> 250000 | D6: =Projects!I6 -> 125000 | E6: =C6-D6 -> 125000 | F6: =IF(C6>0,D6/C6,0) -> 0.5 | G6: =IF(F6>0.9,"Over Budget",IF(F6>0.75,"On Track","Under Budget")) -> Under Budget
A7: =Projects!A7 -> PRJ003 | B7: =Projects!B7 -> CRM Implementation | C7: =Projects!H7 -> 180000 | D7: =Projects!I7 -> 175000 | E7: =C7-D7 -> 5000 | F7: =IF(C7>0,D7/C7,0) -> 0.97222222 | G7: =IF(F7>0.9,"Over Budget",IF(F7>0.75,"On Track","Under Budget")) -> Over Budget
A8: =Projects!A8 -> PRJ004 | B8: =Projects!B8 -> Data Migration | C8: =Projects!H8 -> 95000 | D8: =Projects!I8 -> 58000 | E8: =C8-D8 -> 37000 | F8: =IF(C8>0,D8/C8,0) -> 0.61052632 | G8: =IF(F8>0.9,"Over Budget",IF(F8>0.75,"On Track","Under Budget")) -> Under Budget
A9: =Projects!A9 -> PRJ005 | B9: =Projects!B9 -> Marketing Campaign | C9: =Projects!H9 -> 75000 | D9: =Projects!I9 -> 5000 | E9: =C9-D9 -> 70000 | F9: =IF(C9>0,D9/C9,0) -> 0.066666667 | G9: =IF(F9>0.9,"Over Budget",IF(F9>0.75,"On Track","Under Budget")) -> Under Budget
A10: =Projects!A10 -> PRJ006 | B10: =Projects!B10 -> Infrastructure Upgrade | C10: =Projects!H10 -> 320000 | D10: =Projects!I10 -> 245000 | E10: =C10-D10 -> 75000 | F10: =IF(C10>0,D10/C10,0) -> 0.765625 | G10: =IF(F10>0.9,"Over Budget",IF(F10>0.75,"On Track","Under Budget")) -> On Track
A11: =Projects!A11 -> PRJ007 | B11: =Projects!B11 -> Customer Portal | C11: =Projects!H11 -> 125000 | D11: =Projects!I11 -> 95000 | E11: =C11-D11 -> 30000 | F11: =IF(C11>0,D11/C11,0) -> 0.76 | G11: =IF(F11>0.9,"Over Budget",IF(F11>0.75,"On Track","Under Budget")) -> On Track
A12: =Projects!A12 -> PRJ008 | B12: =Projects!B12 -> Analytics Dashboard | C12: =Projects!H12 -> 88000 | D12: =Projects!I12 -> 42000 | E12: =C12-D12 -> 46000 | F12: =IF(C12>0,D12/C12,0) -> 0.47727273 | G12: =IF(F12>0.9,"Over Budget",IF(F12>0.75,"On Track","Under Budget")) -> Under Budget
A13: =Projects!A13 -> PRJ009 | B13: =Projects!B13 -> Security Audit | C13: =Projects!H13 -> 65000 | D13: =Projects!I13 -> 63000 | E13: =C13-D13 -> 2000 | F13: =IF(C13>0,D13/C13,0) -> 0.96923077 | G13: =IF(F13>0.9,"Over Budget",IF(F13>0.75,"On Track","Under Budget")) -> Over Budget
A14: =Projects!A14 -> PRJ010 | B14: =Projects!B14 -> Training Program | C14: =Projects!H14 -> 45000 | D14: =Projects!I14 -> 12000 | E14: =C14-D14 -> 33000 | F14: =IF(C14>0,D14/C14,0) -> 0.26666667 | G14: =IF(F14>0.9,"Over Budget",IF(F14>0.75,"On Track","Under Budget")) -> Under Budget
A15: =Projects!A15 -> PRJ011 | B15: =Projects!B15 -> ERP Integration | C15: =Projects!H15 -> 280000 | D15: =Projects!I15 -> 15000 | E15: =C15-D15 -> 265000 | F15: =IF(C15>0,D15/C15,0) -> 0.053571429 | G15: =IF(F15>0.9,"Over Budget",IF(F15>0.75,"On Track","Under Budget")) -> Under Budget
A16: =Projects!A16 -> PRJ012 | B16: =Projects!B16 -> API Development | C16: =Projects!H16 -> 110000 | D16: =Projects!I16 -> 67000 | E16: =C16-D16 -> 43000 | F16: =IF(C16>0,D16/C16,0) -> 0.60909091 | G16: =IF(F16>0.9,"Over Budget",IF(F16>0.75,"On Track","Under Budget")) -> Under Budget
... A19: =Projects!A19 -> PRJ015 | B19: =Projects!B19 -> Vendor Management System | C19: =Projects!H19 -> 135000 | D19: =Projects!I19 -> 108000 | E19: =C19-D19 -> 27000 | F19: =IF(C19>0,D19/C19,0) -> 0.8 | G19: =IF(F19>0.9,"Over Budget",IF(F19>0.75,"On Track","Under Budget")) -> On Track
A21: TOTAL | C21: =SUM(C5:C19) -> 2365000 | D21: =SUM(D5:D19) -> 1435000 | E21: =SUM(E5:E19) -> 930000 | F21: =D21/C21 -> 0.60676533
